iteration,source,method,task_family,task_name,seed,frontier_id,call_index,role,model_name,input_tokens,output_tokens,total_tokens,raw_cost,call_meta,objective_key,combined_score,objective_value,cumulative_cost_after_iteration
1,iteration,costada,circle_packing,evaluator,,0,0,generation,z-ai/glm-5,3048,1453,4501,0.005536459999999999,{},sum_radii,0.6334003543641074,1.6690099337494229,0.005536459999999999
2,iteration,costada,circle_packing,evaluator,,1,0,generation,z-ai/glm-5,4030,2048,6078,0.007612,{},sum_radii,0.6334003543641074,1.6690099337494229,0.02052432
2,iteration,costada,circle_packing,evaluator,,1,1,retry,z-ai/glm-5,4063,1935,5998,0.00737586,{},sum_radii,0.6334003543641074,1.6690099337494229,0.02052432
3,iteration,costada,circle_packing,evaluator,,0,0,generation,z-ai/glm-5,6230,2048,8278,0.009196,{},combined_score,0.0,0.0,0.029720319999999998
4,iteration,costada,circle_packing,evaluator,,1,0,generation,z-ai/glm-5,6235,2048,8283,0.009199599999999999,{},combined_score,0.0,0.0,0.03891992
5,iteration,costada,circle_packing,evaluator,,0,0,generation,z-ai/glm-5,7658,2048,9706,0.01022416,{},combined_score,0.0,0.0,0.04914407999999999
6,iteration,costada,circle_packing,evaluator,,0,0,generation,z-ai/glm-5,8920,1579,10499,0.010054099999999998,{},sum_radii,0.5836414362129705,1.537895184421177,0.05919817999999999
7,iteration,costada,circle_packing,evaluator,,1,0,generation,z-ai/glm-5,6411,2048,8459,0.009326319999999999,{},combined_score,0.0,0.0,0.06852449999999999
8,iteration,costada,circle_packing,evaluator,,0,0,generation,z-ai/glm-5,8959,2048,11007,0.01116088,{},combined_score,0.0,0.0,0.09092402
8,iteration,costada,circle_packing,evaluator,,0,1,retry,z-ai/glm-5,9067,2048,11115,0.01123864,{},combined_score,0.0,0.0,0.09092402
9,iteration,costada,circle_packing,evaluator,,1,0,generation,z-ai/glm-5,6923,1506,8429,0.008448359999999999,{},sum_radii,0.6334003543641074,1.6690099337494229,0.09937238
10,iteration,costada,circle_packing,evaluator,,0,0,generation,z-ai/glm-5,9054,2048,11102,0.01122928,{},combined_score,0.0,0.0,0.11060165999999999
11,iteration,costada,circle_packing,evaluator,,1,0,generation,z-ai/glm-5,7283,1782,9065,0.009342360000000001,{},combined_score,0.0,0.0,0.11994401999999998
12,iteration,costada,circle_packing,evaluator,,0,0,generation,z-ai/glm-5,9161,2048,11209,0.01130632,{},combined_score,0.0,0.0,0.13125034
13,iteration,costada,circle_packing,evaluator,,1,0,generation,z-ai/glm-5,5956,2048,8004,0.00899872,{},combined_score,0.0,0.0,0.14926794
13,iteration,costada,circle_packing,evaluator,,1,1,retry,z-ai/glm-5,5984,2048,8032,0.00901888,{},combined_score,0.0,0.0,0.14926794
14,iteration,costada,circle_packing,evaluator,,0,0,generation,z-ai/glm-5,8991,2036,11027,0.011156319999999999,{},sum_radii,0.6359158147798661,1.6756381719449471,0.16042425999999999
15,iteration,costada,circle_packing,evaluator,,1,0,generation,z-ai/glm-5,7638,2048,9686,0.010209759999999998,{},combined_score,0.0,0.0,0.17063402
16,iteration,costada,circle_packing,evaluator,,0,0,generation,z-ai/glm-5,8289,2048,10337,0.010678479999999999,{},combined_score,0.0,0.0,0.1813125
17,iteration,costada,circle_packing,evaluator,,0,0,generation,z-ai/glm-5,9454,1147,10601,0.00944498,{},combined_score,0.0,0.0,0.19075747999999998
18,iteration,costada,circle_packing,evaluator,,1,0,generation,z-ai/glm-5,8576,1158,9734,0.00883812,{},combined_score,0.0,0.0,0.19959559999999998
19,iteration,costada,circle_packing,evaluator,,0,0,generation,z-ai/glm-5,9514,2048,11562,0.01156048,{},sum_radii,0.650934499431575,1.7152124060022,0.21115608
20,iteration,costada,circle_packing,evaluator,,1,0,generation,z-ai/glm-5,9900,2006,11906,0.011741799999999998,{},combined_score,0.0,0.0,0.22289788
21,iteration,costada,circle_packing,evaluator,,0,0,generation,z-ai/glm-5,9107,2048,11155,0.011267439999999998,{},combined_score,0.0,0.0,0.24560137999999998
21,iteration,costada,circle_packing,evaluator,,0,1,retry,z-ai/glm-5,9913,1869,11782,0.01143606,{},combined_score,0.0,0.0,0.24560137999999998
22,iteration,costada,circle_packing,evaluator,,1,0,generation,z-ai/glm-5,8850,845,9695,0.0083155,{},combined_score,0.0,0.0,0.25391687999999996
23,iteration,costada,circle_packing,evaluator,,0,0,generation,z-ai/glm-5,9107,2048,11155,0.011267439999999998,{},combined_score,0.0,0.0,0.26518432
24,iteration,costada,circle_packing,evaluator,,1,0,generation,z-ai/glm-5,8342,2048,10390,0.01071664,{},sum_radii,0.5794867066481332,1.5269474720178309,0.27590096
25,iteration,costada,circle_packing,evaluator,,0,0,generation,z-ai/glm-5,10034,2048,12082,0.011934879999999998,{},combined_score,0.0,0.0,0.30213888
25,iteration,costada,circle_packing,evaluator,,0,1,retry,z-ai/glm-5,10052,3072,13124,0.01430304,{},combined_score,0.0,0.0,0.30213888
26,iteration,costada,circle_packing,evaluator,,1,0,generation,z-ai/glm-5,8435,2048,10483,0.010783599999999999,{},combined_score,0.0,0.0,0.31292248
27,iteration,costada,circle_packing,evaluator,,0,0,generation,z-ai/glm-5,9417,2048,11465,0.01149064,{},combined_score,0.0,0.0,0.32441312
28,iteration,costada,circle_packing,evaluator,,1,0,generation,z-ai/glm-5,8616,3088,11704,0.013305919999999999,{},sum_radii,0.6181048761546162,1.6287063486674136,0.33771903999999997
29,iteration,costada,circle_packing,evaluator,,0,0,generation,z-ai/glm-5,9730,2047,11777,0.011713699999999999,{},sum_radii,0.6136432241304618,1.6169498955837667,0.34943273999999996
30,iteration,costada,circle_packing,evaluator,,1,0,generation,z-ai/glm-5,8496,1254,9750,0.00900132,{},sum_radii,0.650934499431575,1.7152124060022,0.35843405999999994
31,iteration,costada,circle_packing,evaluator,,0,0,generation,z-ai/glm-5,8924,2048,10972,0.01113568,{},combined_score,0.0,0.0,0.3695697399999999
32,iteration,costada,circle_packing,evaluator,,1,0,generation,z-ai/glm-5,9206,2048,11254,0.01133872,{},combined_score,0.0,0.0,0.38090845999999995
33,iteration,costada,circle_packing,evaluator,,0,0,generation,z-ai/glm-5,9635,1152,10787,0.0095868,{},combined_score,0.0,0.0,0.39049525999999996
34,iteration,costada,circle_packing,evaluator,,1,0,generation,z-ai/glm-5,9265,2048,11313,0.011381200000000001,{},sum_radii,0.6428056881573196,1.693792988294537,0.41329582
34,iteration,costada,circle_packing,evaluator,,1,1,retry,z-ai/glm-5,9318,2048,11366,0.01141936,{},sum_radii,0.6428056881573196,1.693792988294537,0.41329582
35,iteration,costada,circle_packing,evaluator,,0,0,generation,z-ai/glm-5,9839,1970,11809,0.01161508,{},combined_score,0.0,0.0,0.4249109
36,iteration,costada,circle_packing,evaluator,,1,0,generation,z-ai/glm-5,9265,2048,11313,0.011381200000000001,{},sum_radii,0.6561582858694893,1.7289770832661042,0.4572538
36,iteration,costada,circle_packing,evaluator,,1,1,retry,z-ai/glm-5,9154,2048,11202,0.011301279999999999,{},sum_radii,0.6561582858694893,1.7289770832661042,0.4572538
36,iteration,costada,circle_packing,evaluator,,1,2,retry,z-ai/glm-5,9076,1359,10435,0.009660419999999998,{},sum_radii,0.6561582858694893,1.7289770832661042,0.4572538
37,iteration,costada,circle_packing,evaluator,,1,0,generation,z-ai/glm-5,9010,2048,11058,0.011197599999999999,{},combined_score,0.0,0.0,0.46845139999999996
38,iteration,costada,circle_packing,evaluator,,0,0,generation,z-ai/glm-5,8803,2048,10851,0.011048559999999999,{},combined_score,0.0,0.0,0.47949995999999995
39,iteration,costada,circle_packing,evaluator,,1,0,generation,z-ai/glm-5,8964,2048,11012,0.01116448,{},sum_radii,0.5589225860615481,1.472761014272179,0.5017510999999999
39,iteration,costada,circle_packing,evaluator,,1,1,retry,z-ai/glm-5,9038,1991,11029,0.01108666,{},sum_radii,0.5589225860615481,1.472761014272179,0.5017510999999999
40,iteration,costada,circle_packing,evaluator,,0,0,generation,z-ai/glm-5,9175,2048,11223,0.011316399999999999,{},combined_score,0.0,0.0,0.5130674999999999
41,iteration,costada,circle_packing,evaluator,,1,0,generation,z-ai/glm-5,8844,2384,11228,0.01185088,{},sum_radii,0.6561582858694893,1.7289770832661042,0.5249183799999999
42,iteration,costada,circle_packing,evaluator,,0,0,generation,z-ai/glm-5,9332,1967,11299,0.011243139999999999,{},sum_radii,0.6561582858694893,1.7289770832661042,0.53616152
43,iteration,costada,circle_packing,evaluator,,1,0,generation,z-ai/glm-5,8661,2048,10709,0.010946319999999999,{},combined_score,0.0,0.0,0.5581283199999999
43,iteration,costada,circle_packing,evaluator,,1,1,retry,z-ai/glm-5,8764,2048,10812,0.01102048,{},combined_score,0.0,0.0,0.5581283199999999
44,iteration,costada,circle_packing,evaluator,,0,0,generation,z-ai/glm-5,9022,2048,11070,0.01120624,{},combined_score,0.0,0.0,0.5693345599999999
45,iteration,costada,circle_packing,evaluator,,1,0,generation,z-ai/glm-5,8766,2048,10814,0.011021919999999998,{},combined_score,0.0,0.0,0.5913409599999999
45,iteration,costada,circle_packing,evaluator,,1,1,retry,z-ai/glm-5,8714,2048,10762,0.01098448,{},combined_score,0.0,0.0,0.5913409599999999
46,iteration,costada,circle_packing,evaluator,,0,0,generation,z-ai/glm-5,8639,4589,13228,0.01677478,{},sum_radii,0.5273537910951863,1.389577239535816,0.6081157399999999
47,iteration,costada,circle_packing,evaluator,,1,0,guide,z-ai/glm-5,5313,7483,12796,0.021036259999999998,"{""attempt"": 1, ""source"": ""paradigm_generation""}",combined_score,0.0,0.0,0.6511944
47,iteration,costada,circle_packing,evaluator,,1,1,generation,z-ai/glm-5,8808,2048,10856,0.01105216,{},combined_score,0.0,0.0,0.6511944
47,iteration,costada,circle_packing,evaluator,,1,2,retry,z-ai/glm-5,8722,2048,10770,0.01099024,{},combined_score,0.0,0.0,0.6511944
48,iteration,costada,circle_packing,evaluator,,0,0,generation,z-ai/glm-5,9219,2048,11267,0.011348079999999998,{},combined_score,0.0,0.0,0.6625424799999999
49,iteration,costada,circle_packing,evaluator,,1,0,generation,z-ai/glm-5,8805,2048,10853,0.01105,{},combined_score,0.0,0.0,0.68465256
49,iteration,costada,circle_packing,evaluator,,1,1,retry,z-ai/glm-5,8819,2048,10867,0.011060079999999998,{},combined_score,0.0,0.0,0.68465256
50,iteration,costada,circle_packing,evaluator,,0,0,generation,z-ai/glm-5,9113,2048,11161,0.011271759999999999,{},combined_score,0.0,0.0,0.71550684
50,iteration,costada,circle_packing,evaluator,,0,1,retry,z-ai/glm-5,8925,2048,10973,0.0111364,{},combined_score,0.0,0.0,0.71550684
50,iteration,costada,circle_packing,evaluator,,0,2,retry,z-ai/glm-5,8696,950,9646,0.00844612,{},combined_score,0.0,0.0,0.71550684
51,iteration,costada,circle_packing,evaluator,,1,0,guide,z-ai/glm-5,5313,4409,9722,0.013966059999999997,"{""attempt"": 1, ""source"": ""paradigm_generation""}",sum_radii,0.9157028697358714,2.412877061754021,0.76145966
51,iteration,costada,circle_packing,evaluator,,1,1,generation,z-ai/glm-5,8808,11150,19958,0.031986759999999996,{},sum_radii,0.9157028697358714,2.412877061754021,0.76145966
52,iteration,costada,circle_packing,evaluator,,1,0,generation,z-ai/glm-5,8195,1843,10038,0.010139299999999999,{},sum_radii,0.0,0.0,0.77159896
53,iteration,costada,circle_packing,evaluator,,1,0,generation,z-ai/glm-5,8919,2048,10967,0.011132079999999997,{},combined_score,0.0,0.0,0.7827310399999999
54,iteration,costada,circle_packing,evaluator,,1,0,generation,z-ai/glm-5,8038,2001,10039,0.01038966,{},combined_score,0.0,0.0,0.7931206999999999
55,iteration,costada,circle_packing,evaluator,,1,0,generation,z-ai/glm-5,8255,2048,10303,0.010654,{},combined_score,0.0,0.0,0.8165113999999999
55,iteration,costada,circle_packing,evaluator,,1,1,retry,z-ai/glm-5,8410,2905,11315,0.012736699999999998,{},combined_score,0.0,0.0,0.8165113999999999
56,iteration,costada,circle_packing,evaluator,,1,0,generation,z-ai/glm-5,8246,2048,10294,0.01064752,{},combined_score,0.0,0.0,0.8271589199999999
57,iteration,costada,circle_packing,evaluator,,1,0,generation,z-ai/glm-5,8142,2048,10190,0.01057264,{},combined_score,0.0,0.0,0.8377315599999999
58,iteration,costada,circle_packing,evaluator,,0,0,generation,z-ai/glm-5,7498,1960,9458,0.00990656,{},sum_radii,0.9257185856443456,2.4392684731728504,0.8476381199999999
59,iteration,costada,circle_packing,evaluator,,1,0,generation,z-ai/glm-5,8722,2048,10770,0.01099024,{},sum_radii,0.9157028697358714,2.412877061754021,0.85862836
60,iteration,costada,circle_packing,evaluator,,0,0,generation,z-ai/glm-5,8814,1883,10697,0.010676979999999999,{},combined_score,0.0,0.0,0.8693053399999999
61,iteration,costada,circle_packing,evaluator,,1,0,generation,z-ai/glm-5,8888,2048,10936,0.011109759999999998,{},,,,0.8918143
61,iteration,costada,circle_packing,evaluator,,1,1,retry,z-ai/glm-5,8830,2192,11022,0.011399199999999998,{},,,,0.8918143
62,iteration,costada,circle_packing,evaluator,,0,0,generation,z-ai/glm-5,5044,1035,6079,0.006012180000000001,{},combined_score,0.0,0.0,0.89782648
63,iteration,costada,circle_packing,evaluator,,1,0,generation,z-ai/glm-5,4079,512,4591,0.004114479999999999,{},combined_score,0.0,0.0,0.91406822
63,iteration,costada,circle_packing,evaluator,,1,1,retry,z-ai/glm-5,4850,512,5362,0.0046696,{},combined_score,0.0,0.0,0.91406822
63,iteration,costada,circle_packing,evaluator,,1,2,retry,z-ai/glm-5,3953,2005,5958,0.00745766,{},combined_score,0.0,0.0,0.91406822
64,iteration,costada,circle_packing,evaluator,,0,0,generation,z-ai/glm-5,4428,512,4940,0.004365760000000001,{},combined_score,0.0,0.0,0.92728142
64,iteration,costada,circle_packing,evaluator,,0,1,retry,z-ai/glm-5,4504,512,5016,0.004420479999999999,{},combined_score,0.0,0.0,0.92728142
64,iteration,costada,circle_packing,evaluator,,0,2,retry,z-ai/glm-5,4513,512,5025,0.004426959999999999,{},combined_score,0.0,0.0,0.92728142
65,iteration,costada,circle_packing,evaluator,,0,0,generation,z-ai/glm-5,5125,512,5637,0.004867600000000001,{},combined_score,0.0,0.0,0.93214902
66,iteration,costada,circle_packing,evaluator,,1,0,generation,z-ai/glm-5,4494,512,5006,0.0044132799999999995,{},combined_score,0.0,0.0,0.94129238
66,iteration,costada,circle_packing,evaluator,,1,1,retry,z-ai/glm-5,4934,512,5446,0.00473008,{},combined_score,0.0,0.0,0.94129238
67,iteration,costada,circle_packing,evaluator,,0,0,generation,z-ai/glm-5,3855,512,4367,0.0039532,{},combined_score,0.0,0.0,0.9540548600000001
67,iteration,costada,circle_packing,evaluator,,0,1,retry,z-ai/glm-5,4514,512,5026,0.004427680000000001,{},combined_score,0.0,0.0,0.9540548600000001
67,iteration,costada,circle_packing,evaluator,,0,2,retry,z-ai/glm-5,4450,512,4962,0.0043816,{},combined_score,0.0,0.0,0.9540548600000001
68,iteration,costada,circle_packing,evaluator,,1,0,generation,z-ai/glm-5,4929,512,5441,0.00472648,{},,,,0.96762086
68,iteration,costada,circle_packing,evaluator,,1,1,retry,z-ai/glm-5,4305,512,4817,0.0042772,{},,,,0.96762086
68,iteration,costada,circle_packing,evaluator,,1,2,retry,z-ai/glm-5,4701,512,5213,0.00456232,{},,,,0.96762086
69,iteration,costada,circle_packing,evaluator,,0,0,generation,z-ai/glm-5,5136,512,5648,0.00487552,{},combined_score,0.0,0.0,0.97249638
70,iteration,costada,circle_packing,evaluator,,1,0,generation,z-ai/glm-5,4149,512,4661,0.004164879999999999,{},combined_score,0.0,0.0,0.9857477400000001
70,iteration,costada,circle_packing,evaluator,,1,1,retry,z-ai/glm-5,4851,512,5363,0.0046703199999999995,{},combined_score,0.0,0.0,0.9857477400000001
70,iteration,costada,circle_packing,evaluator,,1,2,retry,z-ai/glm-5,4498,512,5010,0.00441616,{},combined_score,0.0,0.0,0.9857477400000001
71,iteration,costada,circle_packing,evaluator,,0,0,generation,z-ai/glm-5,4440,512,4952,0.0043744,{},combined_score,0.0,0.0,0.9901221400000001
72,iteration,costada,circle_packing,evaluator,,1,0,generation,z-ai/glm-5,4299,512,4811,0.004272879999999999,{},,,,1.0033907800000001
72,iteration,costada,circle_packing,evaluator,,1,1,retry,z-ai/glm-5,4373,512,4885,0.00432616,{},,,,1.0033907800000001
72,iteration,costada,circle_packing,evaluator,,1,2,retry,z-ai/glm-5,4850,512,5362,0.0046696,{},,,,1.0033907800000001
73,iteration,costada,circle_packing,evaluator,,0,0,generation,z-ai/glm-5,4515,512,5027,0.0044284,{},combined_score,0.0,0.0,1.0078191800000003
74,iteration,costada,circle_packing,evaluator,,1,0,generation,z-ai/glm-5,4444,512,4956,0.00437728,{},combined_score,0.0,0.0,1.0121964600000002
75,iteration,costada,circle_packing,evaluator,,0,0,generation,z-ai/glm-5,4643,512,5155,0.00452056,{},combined_score,0.0,0.0,1.0167170200000002
76,iteration,costada,circle_packing,evaluator,,0,0,generation,z-ai/glm-5,5132,512,5644,0.004872639999999999,{},combined_score,0.0,0.0,1.0215896600000003
77,iteration,costada,circle_packing,evaluator,,1,0,generation,z-ai/glm-5,4692,2198,6890,0.00843364,{},combined_score,0.0,0.0,1.0300233000000003
78,iteration,costada,circle_packing,evaluator,,0,0,generation,z-ai/glm-5,4575,512,5087,0.0044716,{},combined_score,0.0,0.0,1.0344949000000003
79,iteration,costada,circle_packing,evaluator,,1,0,generation,z-ai/glm-5,4837,512,5349,0.0046602399999999995,{},combined_score,0.0,0.0,1.0475914600000003
79,iteration,costada,circle_packing,evaluator,,1,1,retry,z-ai/glm-5,4296,512,4808,0.0042707199999999996,{},combined_score,0.0,0.0,1.0475914600000003
79,iteration,costada,circle_packing,evaluator,,1,2,retry,z-ai/glm-5,4150,512,4662,0.0041656,{},combined_score,0.0,0.0,1.0475914600000003
80,iteration,costada,circle_packing,evaluator,,0,0,generation,z-ai/glm-5,4504,512,5016,0.004420479999999999,{},combined_score,0.0,0.0,1.0564259400000002
80,iteration,costada,circle_packing,evaluator,,0,1,retry,z-ai/glm-5,4495,512,5007,0.004414,{},combined_score,0.0,0.0,1.0564259400000002
81,iteration,costada,circle_packing,evaluator,,1,0,generation,z-ai/glm-5,4444,512,4956,0.00437728,{},combined_score,0.0,0.0,1.0608032200000002
82,iteration,costada,circle_packing,evaluator,,0,0,generation,z-ai/glm-5,4643,512,5155,0.00452056,{},combined_score,0.0,0.0,1.0653237800000002
83,iteration,costada,circle_packing,evaluator,,1,0,generation,z-ai/glm-5,4490,512,5002,0.004410399999999999,{},combined_score,0.0,0.0,1.0697341800000002
84,iteration,costada,circle_packing,evaluator,,0,0,generation,z-ai/glm-5,4504,512,5016,0.004420479999999999,{},combined_score,0.0,0.0,1.0780941800000001
84,iteration,costada,circle_packing,evaluator,,0,1,retry,z-ai/glm-5,3836,512,4348,0.00393952,{},combined_score,0.0,0.0,1.0780941800000001
85,iteration,costada,circle_packing,evaluator,,1,0,generation,z-ai/glm-5,3945,1029,4974,0.0052071,{},combined_score,0.0,0.0,1.0833012800000001
86,iteration,costada,circle_packing,evaluator,,0,0,generation,z-ai/glm-5,4362,512,4874,0.00431824,{},combined_score,0.0,0.0,1.0921480000000001
86,iteration,costada,circle_packing,evaluator,,0,1,retry,z-ai/glm-5,4654,512,5166,0.00452848,{},combined_score,0.0,0.0,1.0921480000000001
87,iteration,costada,circle_packing,evaluator,,1,0,generation,z-ai/glm-5,4394,512,4906,0.0043412799999999994,{},combined_score,0.0,0.0,1.0964892800000001
88,iteration,costada,circle_packing,evaluator,,0,0,generation,z-ai/glm-5,5052,3719,8771,0.01219114,{},,,,1.1086804200000002
89,iteration,costada,circle_packing,evaluator,,0,0,generation,z-ai/glm-5,4797,512,5309,0.00463144,{},combined_score,0.0,0.0,1.1133118600000003
90,iteration,costada,circle_packing,evaluator,,1,0,generation,z-ai/glm-5,4486,512,4998,0.004407520000000001,{},combined_score,0.0,0.0,1.1177193800000003
91,iteration,costada,circle_packing,evaluator,,0,0,generation,z-ai/glm-5,4441,512,4953,0.00437512,{},combined_score,0.0,0.0,1.1269095400000002
91,iteration,costada,circle_packing,evaluator,,0,1,retry,z-ai/glm-5,5052,512,5564,0.00481504,{},combined_score,0.0,0.0,1.1269095400000002
92,iteration,costada,circle_packing,evaluator,,1,0,generation,z-ai/glm-5,3872,512,4384,0.00396544,{},combined_score,0.0,0.0,1.1308749800000002
93,iteration,costada,circle_packing,evaluator,,0,0,generation,z-ai/glm-5,4808,512,5320,0.0046393599999999995,{},combined_score,0.0,0.0,1.1355143400000003
94,iteration,costada,circle_packing,evaluator,,1,0,generation,z-ai/glm-5,4494,2613,7107,0.00924558,{},sum_radii,0.7769680432457244,2.0473107939524837,1.1447599200000003
95,iteration,costada,circle_packing,evaluator,,0,0,generation,z-ai/glm-5,4808,512,5320,0.0046393599999999995,{},combined_score,0.0,0.0,1.1580559200000002
95,iteration,costada,circle_packing,evaluator,,0,1,retry,z-ai/glm-5,3798,512,4310,0.00391216,{},combined_score,0.0,0.0,1.1580559200000002
95,iteration,costada,circle_packing,evaluator,,0,2,retry,z-ai/glm-5,4954,512,5466,0.00474448,{},combined_score,0.0,0.0,1.1580559200000002
96,iteration,costada,circle_packing,evaluator,,1,0,generation,z-ai/glm-5,3956,512,4468,0.00402592,{},combined_score,0.0,0.0,1.1620818400000001
97,iteration,costada,circle_packing,evaluator,,0,0,generation,z-ai/glm-5,4808,512,5320,0.0046393599999999995,{},combined_score,0.0,0.0,1.1710963200000002
97,iteration,costada,circle_packing,evaluator,,0,1,retry,z-ai/glm-5,4441,512,4953,0.00437512,{},combined_score,0.0,0.0,1.1710963200000002
98,iteration,costada,circle_packing,evaluator,,1,0,generation,z-ai/glm-5,4842,4493,9335,0.01382014,{},sum_radii,0.9312769427453209,2.4539147441339204,1.1849164600000002
99,iteration,costada,circle_packing,evaluator,,0,0,generation,z-ai/glm-5,4359,512,4871,0.00431608,{},combined_score,0.0,0.0,1.1892325400000001
100,iteration,costada,circle_packing,evaluator,,1,0,generation,z-ai/glm-5,4771,512,5283,0.004612719999999999,{},combined_score,0.0,0.0,1.19384526
